,community,node,betweenness_big
0,0,0,0.13382523651261172
1,1,414,0.04165607131998942
2,2,1684,0.3066873676103587
3,3,107,0.42098401184396594
4,4,1912,0.2088075761906821
5,5,563,0.09237221092050021
6,6,686,0.056561546214444855
7,7,3437,0.21063869211497732
8,8,3980,0.025922779258628573
